1441438156, 32764, 461, 1393, 4344997940, 2726724851, 63004280, 2598, 689301921
1441438216, 32767, 226, 687, 6779712327, 1603409891, 20595470, 1485, 377209816
1441438276, 32453, 166, 428, 8159769996, 1111197389, 685714, 809, 177450651
1441438336, 32750, 189, 505, 7577644421, 1135195642, 28811358, 1381, 377623464
1441438396, 31403, 310, 738, 5208377152, 1805846768, 658625, 1258, 333785904
1441438456, 32765, 276, 909, 5712105759, 1867777803, 12782693, 1959, 345682493
1441438516, 32761, 291, 910, 5566967224, 1977746706, 11196774, 1840, 390901449
1441438576, 32748, 283, 857, 5726614146, 1964813558, 4945666, 1635, 371848111
1441438637, 32748, 266, 821, 5977799110, 1827590399, 9696559, 1694, 376659153
1441438697, 32722, 178, 385, 7909274192, 974974605, 931605, 782, 208743327
1441438757, 32767, 366, 1305, 5250326001, 2582572688, 56916441, 2516, 545627599
1441438817, 32755, 270, 829, 5928500077, 1857739158, 27970443, 1749, 357659828
1441439840, 32766, 291, 728, 5552630962, 1636543377, 12634068, 1536, 363804850
1441439900, 32593, 190, 464, 7649189349, 1121852081, 995993, 1029, 240948051
1441439960, 32762, 310, 1040, 5166976803, 1999307779, 47578002, 2333, 516096582
1441440020, 32762, 401, 1463, 4544074485, 2693590145, 65020735, 2807, 753937171
1441440080, 32665, 246, 726, 6296761855, 1740467172, 2323657, 1388, 264837348
1441440140, 31893, 278, 1017, 5952494845, 2174703384, 8893992, 1968, 419469567
1441440200, 32758, 242, 706, 6375901956, 1677964928, 1118182, 1395, 331102575
1441440261, 32755, 298, 915, 5468514446, 2058506389, 6852304, 1758, 389696000
1441440367, 32751, 116, 230, 10433631885, 571659252, 5538715, 655, 159739164
1441440427, 32764, 179, 629, 7799408694, 1494612866, 4129494, 1354, 297233297
1441440487, 32680, 200, 735, 7325606817, 1776915304, 448639, 1408, 251860785
1441440547, 32703, 160, 554, 8259576141, 1340831248, 5475452, 1219, 223288675
1441440608, 32760, 135, 483, 8823207673, 1141387283, 15774295, 1251, 200694970
1441440668, 18508, 107, 231, 10506415975, 596137580, 10608, 443, 121457886
1441440728, 32683, 153, 489, 8368296656, 1243805246, 1998819, 983, 189798348
1441440788, 27747, 210, 709, 7079062939, 1647477854, 894885, 1353, 263285079
1441440848, 29237, 135, 413, 8705164554, 1040771209, 97077, 874, 167276993
1441440908, 18520, 131, 350, 9427368820, 806579636, 1905374, 765, 130209908
1441440968, 14703, 95, 234, 10167773752, 526968035, 2465215, 573, 94676684
1441441028, 32515, 79, 197, 9344484507, 509962960, 845315, 482, 129246955
1441441088, 15728, 81, 147, 10367078125, 386444372, 286648, 232, 72507284
1441441148, 30962, 94, 174, 10860783139, 457055295, 35845, 338, 92707318
1441441208, 14383, 91, 164, 10681093900, 429940209, 215535, 255, 93136208
1441441268, 19165, 118, 387, 8845406527, 843122731, 5952157, 918, 121417809
1441441329, 32741, 116, 339, 9915189069, 802959126, 9511829, 995, 223153416
1441441389, 6939, 97, 162, 11014121910, 395679989, 3502902, 258, 64270023
1441441449, 32762, 104, 316, 10628600869, 697911060, 14759902, 1120, 236857025
1441441509, 32763, 241, 749, 6545851985, 1773698867, 8897535, 1458, 353484804
1441441569, 31986, 129, 423, 8513946046, 1015322755, 397986, 1010, 211724617
1441441629, 32483, 254, 850, 6332820715, 2002811392, 491137, 1566, 321127313
1441441689, 31289, 243, 646, 6369943986, 1619758770, 1652441, 1154, 273722291
1441441749, 32628, 354, 1092, 5021142044, 2412893181, 6269517, 1952, 466585300
1441441809, 20789, 175, 347, 8066568265, 830021630, 1993088, 703, 151424983
1441441869, 32692, 169, 365, 8208506400, 945444367, 813642, 699, 230506615
1441441929, 32765, 217, 565, 6874908809, 1241683161, 15227177, 1428, 253698836
1441441990, 32767, 161, 396, 8523694002, 927000599, 15361349, 1106, 312609864
1441442050, 32763, 181, 518, 7851261988, 1086805186, 27554384, 1518, 412792733
1441442110, 9626, 169, 288, 8341788176, 702590934, 3230131, 414, 100974390
1441442170, 32622, 286, 921, 5673676651, 2047531231, 1674240, 1749, 339488206
1441442230, 32759, 228, 842, 6696746357, 1811268494, 35789073, 1905, 475636280
1441442290, 32700, 153, 267, 8950438796, 673274976, 2358407, 616, 167608074
1441442350, 32764, 133, 188, 10056444125, 465760854, 5830225, 528, 126753002
1441442410, 4503, 98, 132, 11806680489, 341455313, 181752, 137, 60128530
1441442470, 6849, 99, 131, 11863044486, 345215005, 67921, 135, 61766573
1441442530, 32758, 147, 457, 9085795159, 965936625, 7521026, 1368, 209941440
1441442590, 32767, 244, 867, 6385289498, 1776124067, 35084732, 2015, 360066172
1441442650, 32767, 201, 748, 7052681950, 1706523133, 25858420, 1661, 379156312
1441442710, 32763, 234, 793, 6474843721, 1654756804, 41422959, 1921, 556286282
1441442771, 26805, 224, 751, 6648447661, 1566924208, 3217280, 1569, 332077861
1441442831, 32019, 226, 687, 6776867909, 1633731073, 205882, 1344, 281102285
1441442891, 32644, 205, 781, 7208794134, 1651310830, 4063013, 1779, 234530873
1441442951, 20070, 147, 329, 9115827776, 736630749, 3033186, 793, 120672368
1441443011, 11307, 156, 270, 8717964059, 680771485, 236788, 393, 120830597
1441443071, 10626, 167, 249, 8389187265, 650839652, 219348, 288, 132465001
1441443131, 32737, 236, 804, 6451278655, 1696658815, 6081053, 1793, 300114428
1441443191, 26224, 461, 1249, 4171385497, 2499713578, 7009861, 2003, 508190938
1441443251, 32523, 226, 584, 6713991817, 1419346571, 2690985, 1183, 256583441
1441443311, 27125, 178, 600, 7845453727, 1334815047, 2553139, 1329, 254138956
1441443371, 32631, 144, 498, 9082557714, 1153040489, 560004, 1265, 185785220
1441443432, 25576, 146, 386, 9063433214, 868050762, 3064455, 990, 192150694
1441443492, 7450, 97, 134, 11639851574, 348776557, 129729, 158, 82883684
1441443552, 23403, 121, 170, 10584999465, 449566025, 31230, 209, 100868083
1441443612, 5929, 126, 161, 10382723911, 425448035, 816530, 149, 71229816
1441443672, 16282, 127, 179, 10285089223, 468538330, 339475, 239, 94684037
1441443732, 16847, 133, 193, 9892991177, 508339077, 40247, 250, 93601733
1441443792, 27104, 172, 245, 8212065996, 647797021, 152478, 310, 128165572
1441443852, 10350, 177, 266, 7970762614, 664324982, 586839, 353, 126460307
1441443912, 15628, 147, 213, 9237353784, 554369199, 81503, 284, 108934870
1441443972, 18681, 176, 304, 8031921316, 771815088, 360228, 503, 135867594
1441444032, 6460, 166, 234, 8439341543, 588295220, 622344, 264, 107389134
1441444093, 31624, 164, 231, 8541192708, 610851539, 52661, 273, 126158522
1441444153, 32764, 204, 560, 7161853574, 1238792803, 17767525, 1442, 385567042
1441444213, 32729, 142, 363, 9183371208, 868635219, 7738215, 980, 228021417
1441445135, 32751, 130, 205, 9370574410, 485547883, 4235681, 489, 86030369
1441445191, 29912, 137, 195, 9105237290, 476312351, 72499, 310, 81871328
1441445247, 5515, 128, 168, 9549125009, 409387548, 102833, 165, 71290398
1441445303, 20270, 160, 261, 8087239215, 634177108, 981719, 391, 108578704
1441445359, 12985, 138, 311, 8911335435, 635819613, 4176726, 644, 106532156
1441445415, 11267, 150, 288, 8294763505, 642915171, 423424, 473, 108787271
1441445471, 10211, 112, 169, 9986653765, 405490786, 1345613, 245, 65268533
1441445527, 12661, 152, 265, 8156570611, 622410986, 414885, 401, 100190363
1441445583, 32596, 153, 328, 8168054833, 770432459, 532400, 697, 132442723
1441445639, 21523, 134, 226, 8901435551, 556461959, 31081, 317, 92899427
1441445695, 7354, 150, 276, 8136261842, 598661446, 2248675, 394, 97089019
1441445751, 14166, 169, 294, 7615064631, 705792429, 4324, 411, 128002773
1441445807, 32764, 159, 331, 7805143512, 755387088, 10420451, 825, 190974786
1441445863, 5431, 99, 174, 10024774284, 384995837, 1157478, 256, 59252861
1441445918, 7918, 113, 248, 9149009901, 516288421, 4851667, 430, 70433564
1441445974, 8576, 156, 344, 7714661339, 711119566, 1865720, 529, 121201919
1441446030, 32747, 204, 555, 6699992598, 1307266580, 3728218, 1062, 240221640
1441446086, 32767, 209, 740, 6613963611, 1567843325, 22224837, 1632, 451700358
1441446142, 17353, 140, 298, 8435537663, 713977814, 2057427, 511, 89613619
1441446198, 32766, 215, 635, 6480776095, 1398251201, 12074730, 1371, 373386470
1441446254, 28599, 336, 933, 4909561703, 2084092429, 1034518, 1479, 337304248
1441446310, 29710, 231, 579, 6161500775, 1383493429, 85598, 957, 272171495
1441446366, 26275, 101, 201, 10286417651, 467299713, 605212, 507, 88369617
1441446422, 31924, 102, 159, 10494229772, 390966913, 71272, 238, 102689104
1441446478, 32761, 113, 279, 9870237681, 534095007, 9806217, 1102, 84116132
1441446534, 25585, 123, 230, 9163122292, 514431338, 1003621, 591, 93259563
1441446590, 32764, 178, 814, 7261485047, 1198018132, 117020929, 2578, 386576576
1441446646, 31479, 237, 690, 6100409791, 1550338849, 195809, 1288, 224131600
1441446702, 23209, 134, 284, 8524945174, 665061477, 1901874, 585, 104044899
1441446758, 21393, 117, 198, 9411240746, 478423424, 1416515, 339, 72900132
1441446814, 32706, 125, 269, 9182583902, 625573845, 5009846, 699, 182381294
1441446870, 24098, 85, 183, 9864086671, 435001242, 71064, 425, 70001010
1441446926, 7841, 90, 188, 9414162107, 417269276, 1592788, 330, 70241384
1441446982, 32573, 196, 622, 6676722669, 1252813984, 4091320, 1483, 180929194
1441447038, 32334, 108, 215, 9190220403, 528906764, 120965, 371, 82533499
1441447094, 8795, 100, 193, 9830173495, 442974153, 134433, 325, 76857262
1441447150, 8854, 120, 219, 9677868564, 475006012, 1621796, 384, 85337844
1441447206, 21483, 112, 178, 10030038780, 435331901, 686911, 273, 73452112
1441447262, 32762, 256, 1122, 5729770072, 1883687749, 69132210, 2600, 337978910
1441447318, 25147, 135, 490, 7984990904, 1025880287, 580779, 1110, 128944257
1441447374, 11744, 95, 159, 10144735179, 388866036, 122154, 223, 71688568
1441447430, 29265, 74, 112, 10855635118, 276711085, 126813, 172, 60292799
1441447486, 32760, 296, 1164, 5525889767, 2107071747, 28617620, 2374, 383455059
1441447542, 25003, 165, 485, 7215639925, 1119286960, 1360290, 916, 161964090
1441447598, 32759, 170, 414, 7545074073, 938887875, 8199202, 974, 183121780
1441447654, 32669, 192, 384, 6911411971, 928581874, 1618124, 649, 161872854
1441447710, 32736, 173, 359, 7538640125, 850111642, 3614822, 756, 169917086
1441447766, 32585, 169, 542, 7245353689, 1282376903, 1517669, 1044, 297506744
1441447822, 15213, 165, 524, 7299752084, 984180302, 16177786, 1030, 175888710
1441447878, 32767, 151, 574, 7679070013, 1247487283, 8237033, 1365, 342035171
1441447934, 10614, 114, 187, 9505172734, 448833829, 70668, 260, 88247633
1441447990, 23559, 111, 408, 8672692405, 740879632, 1277465, 1224, 156899596
1441448046, 32095, 157, 507, 7367724318, 1123160125, 3519160, 1181, 185279679
1441448102, 22670, 223, 725, 6209464082, 1462275024, 1548909, 1345, 260248101
1441448158, 30580, 196, 918, 6765968182, 1689544424, 2548261, 1946, 260896403
1441448214, 32741, 187, 666, 7074272088, 1445461410, 1243936, 1431, 211063491
1441448270, 6491, 94, 140, 10602138292, 339631939, 133393, 168, 66097041
1441448326, 3351, 108, 156, 10246494226, 352155257, 2229765, 174, 81084642
1441448382, 5422, 109, 159, 9997975301, 377916624, 461280, 188, 89148641
1441448438, 10367, 117, 173, 9796943428, 422967040, 4351, 212, 115742887
1441448494, 9556, 99, 147, 10483284427, 353775149, 1001013, 206, 70361500
1441448550, 7570, 128, 190, 9312514690, 452070557, 145863, 237, 127735837
1441448606, 5752, 99, 142, 10546193590, 343486975, 272244, 165, 58212305
1441448662, 24018, 117, 191, 9736120057, 464361822, 374223, 332, 74647266
1441448718, 3358, 128, 173, 9457470446, 401038815, 2830132, 173, 83814565
1441448774, 9091, 112, 162, 10128219932, 390614758, 395984, 203, 77150735
1441448830, 11170, 94, 149, 10175120929, 363335423, 82040, 199, 113809401
1441448886, 8694, 115, 168, 9814176619, 405687349, 682204, 212, 93954190
1441448942, 11017, 142, 220, 8768850475, 518695891, 410720, 312, 123530828
1441448998, 4083, 136, 179, 9135736746, 425793524, 1545323, 174, 68483973
1441449054, 6945, 128, 192, 9191109984, 456185818, 1470333, 237, 87441248
1441449110, 4514, 139, 192, 8916095350, 451286647, 200585, 199, 93680808
1441449166, 5334, 108, 158, 10264411021, 372845770, 520639, 191, 81633235
1441449222, 4933, 109, 158, 9987098999, 376847460, 719498, 179, 61392432
1441449278, 5272, 130, 192, 9160043080, 448541481, 1335041, 225, 116539583
1441449334, 11386, 134, 184, 9265242426, 444825090, 290876, 227, 85867663
1441449390, 5719, 156, 220, 8203751446, 515546865, 968491, 240, 96030595
1441449446, 10510, 151, 221, 8340563656, 533173240, 261219, 271, 123156818
1441449502, 8286, 167, 230, 7816190343, 555945433, 402348, 244, 148945991
1441449558, 13051, 150, 224, 8381766923, 537591877, 742147, 298, 120386355
1441449614, 7328, 140, 207, 8760746853, 489171267, 245931, 253, 115709060
1441449670, 9574, 168, 254, 7789119007, 594465614, 3122058, 339, 145360931
1441449726, 6710, 152, 228, 8326217499, 519463670, 2272198, 292, 101411319
1441449782, 7872, 168, 235, 7741718568, 563883093, 1458463, 260, 105943147
1441449838, 9987, 174, 258, 7534848158, 615279861, 390919, 315, 105387990
1441449894, 19899, 190, 303, 7035960529, 727262923, 100338, 442, 190440959
1441449950, 4932, 181, 263, 7289565035, 584630123, 1861486, 285, 153813566
1441450006, 7725, 177, 279, 7452087133, 647321369, 1096318, 339, 145020204
1441450062, 19576, 200, 302, 6742468079, 726601777, 966196, 424, 153949366
1441450118, 32236, 195, 369, 6901676174, 898700775, 315902, 608, 162670439
1441450174, 16803, 191, 290, 7012420365, 699329135, 73866, 383, 145128943
1441450230, 32694, 206, 625, 6679107519, 1412016377, 725406, 1275, 251548210
1441450286, 32752, 331, 948, 4964202450, 2075557671, 2116459, 1624, 452767335
1441450342, 32702, 223, 570, 6276418735, 1336467121, 3176798, 1083, 237725535
1441450398, 32748, 329, 877, 4573868896, 1807614147, 14078171, 1749, 387519534
1441450454, 32542, 168, 319, 7715455888, 772344254, 1605718, 610, 179705267
1441450510, 31934, 153, 257, 8298349267, 627975875, 731676, 459, 147215561
1441450566, 32738, 147, 433, 8190367299, 915904452, 7736879, 1184, 214152546
1441450622, 32759, 175, 641, 7448372665, 1308802209, 10490651, 1572, 255822069
1441450678, 6729, 167, 324, 7654470504, 640450743, 10531387, 470, 110687425
1441450734, 27307, 269, 747, 5581025046, 1607576626, 2824346, 1365, 229517225
1441450790, 32684, 258, 687, 5730521811, 1576712612, 3326151, 1252, 262873877
1441450846, 24037, 274, 780, 5463373856, 1545473875, 4168071, 1448, 276729819
1441450902, 22838, 241, 678, 6015034064, 1410512486, 2772901, 1248, 207420484
1441450958, 24286, 303, 875, 5145119421, 1810603529, 1311426, 1460, 251452830
1441451014, 28734, 294, 821, 5176682789, 1732102995, 1188178, 1500, 261117971
1441451070, 23653, 301, 836, 5133047336, 1691046095, 2600837, 1446, 256038097
1441451126, 31146, 493, 1341, 3765658831, 2672153537, 3499565, 2127, 359510932
1441451182, 20381, 263, 715, 5652412154, 1434528708, 7116503, 1268, 191913827
1441451238, 20212, 268, 667, 5581082538, 1436331148, 7453559, 1108, 199421234
1441451294, 24730, 268, 677, 5544521362, 1484660138, 732650, 1176, 215764379
1441451350, 13861, 164, 332, 7769734037, 721050710, 3890442, 609, 119332100
1441451406, 13281, 118, 192, 9406159142, 466208997, 241850, 274, 82676728
1441451462, 13844, 115, 188, 9506812645, 454763882, 56407, 279, 83897330
1441451518, 32680, 144, 268, 8530729355, 636840010, 3298172, 576, 149891198
1441451574, 17797, 108, 208, 9293726861, 504539542, 38838, 347, 75120041
1441451630, 19999, 116, 281, 9148168463, 666378780, 43191, 554, 98048465
1441451686, 32266, 139, 444, 7616580142, 1033477047, 820464, 957, 143932747
1441451742, 18704, 124, 385, 7885095203, 850188152, 1021846, 779, 128121038
1441451798, 21737, 56, 109, 9148577792, 266398332, 149374, 225, 58095370
1441451854, 18206, 63, 101, 10069167900, 249120568, 152996, 140, 51323110
1441451910, 30709, 112, 391, 7943027218, 874776127, 1793671, 959, 115161393
1441451966, 32282, 99, 282, 9008358795, 679561160, 275684, 641, 111985416
1441452022, 15035, 119, 254, 9203774960, 606595638, 116239, 441, 97655757
1441452078, 11442, 118, 261, 9256883431, 554235219, 3365855, 515, 82446006
1441452134, 32433, 164, 350, 7746782204, 851585799, 322329, 609, 133054921
1441452190, 23930, 160, 402, 7860671300, 897612243, 580023, 851, 156902829
1441452246, 30747, 176, 548, 7368340496, 1184167499, 3151704, 1265, 211513600
1441452302, 13036, 139, 246, 8826828772, 552145921, 2648296, 451, 103375451
1441452358, 12668, 114, 162, 10022678207, 397389390, 189169, 190, 63344192
1441452414, 32766, 226, 860, 6227064486, 1745158031, 10346753, 1823, 306485441
1441452470, 32735, 192, 641, 6918895710, 1374461784, 2616618, 1403, 230723829
1441452526, 21758, 127, 337, 8937456174, 765625120, 124376, 727, 130948213
1441452582, 30537, 160, 492, 7538912582, 1092484212, 656892, 1102, 183711752
1441452638, 24689, 102, 334, 9015116047, 777287506, 782354, 753, 129465886
1441452694, 31530, 159, 351, 7943733921, 819749905, 718203, 763, 196885633
1441452750, 17044, 146, 290, 8571128754, 629877375, 1643139, 621, 125599356
1441452806, 11543, 124, 238, 9380032105, 539149821, 1040014, 426, 106837041
1441452862, 8639, 117, 190, 9530698618, 456678245, 519707, 250, 79819327
1441452918, 22127, 165, 457, 7471731646, 1067697091, 658619, 810, 153207085
1441452974, 32740, 189, 507, 7027799137, 1204163455, 1660559, 953, 197450700
1441453030, 17507, 167, 503, 7302906807, 1092492248, 1264442, 892, 202616018
1441453086, 23008, 127, 554, 8120052522, 1104468899, 3444540, 1250, 153172465
1441453142, 32694, 151, 641, 7670960255, 1373641531, 3783001, 1446, 241781254
1441453198, 31603, 237, 670, 6105229950, 1529331734, 720993, 1241, 290392438
1441453254, 31917, 164, 411, 7719342337, 990819325, 292399, 777, 160270684
1441453310, 32021, 139, 264, 8531731913, 648966045, 348564, 415, 97235014
1441453366, 32120, 171, 370, 7562005187, 895447443, 679830, 670, 127177206
1441453422, 13008, 211, 502, 6528333589, 1067862277, 1329239, 766, 155115153
1441453478, 15942, 171, 394, 7443252188, 887082353, 809020, 675, 142177881
1441453534, 19524, 155, 405, 7810342008, 935121095, 1406324, 732, 119469247
1441453590, 10145, 120, 256, 8635297339, 588391441, 805635, 405, 85318928
1441453646, 31046, 217, 540, 6454846777, 1299648535, 233971, 884, 190265468
1441453702, 30959, 256, 634, 5794638923, 1478356588, 486524, 1074, 234961000
1441453758, 11993, 144, 272, 8278504496, 646327496, 1466009, 401, 96179162
1441453814, 32155, 189, 341, 7009964809, 820167737, 121580, 595, 137261035
1441453870, 31920, 192, 331, 6969390732, 806848774, 260102, 499, 123505868
1441453926, 11922, 159, 303, 7909803336, 698606289, 414091, 460, 107756677
1441453982, 15073, 125, 208, 9354460327, 485015182, 1285740, 366, 84877406
1441454038, 32535, 168, 390, 7650498769, 943836918, 536948, 720, 134491219
1441454094, 22844, 177, 294, 7398326131, 714005390, 285162, 426, 128205894
1441454150, 23192, 194, 490, 6890774075, 1087730038, 2754016, 943, 183883026
1441454206, 32732, 484, 1148, 3564293963, 2404185987, 12408193, 1919, 419154827
1441454262, 32314, 291, 614, 5195736968, 1477119309, 477242, 944, 220543372
1441454318, 31935, 241, 435, 5892874724, 1059271591, 180627, 628, 159983208
1441454374, 32703, 170, 485, 7513859846, 1106522417, 2231891, 1083, 213729772
1441454430, 32360, 140, 500, 8289759196, 1101138560, 800544, 1225, 166832775
1441454486, 32759, 154, 365, 8000116955, 827699365, 4544647, 902, 177859817
1441454542, 32766, 289, 1331, 5377938131, 1949842238, 115500642, 3100, 386511754
1441454598, 32764, 160, 478, 7884393490, 986830355, 3560686, 1296, 162922979
1441454654, 32756, 115, 343, 9659720105, 702638970, 7878687, 1134, 143110444
1441454710, 32763, 245, 1112, 6008046516, 1922917177, 31152569, 2449, 336316317
1441454766, 32767, 201, 1073, 6802593844, 1703160671, 59650550, 2625, 306351123
1441454822, 32727, 123, 305, 9486284712, 623884681, 8537044, 1047, 119620217
1441454878, 11305, 104, 175, 10276312986, 412148792, 169298, 296, 75368492
1441454934, 8060, 80, 114, 11260287509, 277481792, 332033, 140, 45742710
1441454990, 9397, 108, 188, 9902508176, 441295877, 667008, 296, 89031932
1441455046, 32760, 129, 470, 8784412701, 788640150, 24585327, 1674, 153154138
1441455103, 32764, 293, 1113, 5392013195, 1952560678, 62498263, 2495, 482588827
1441455159, 32719, 195, 499, 6873548035, 1195802628, 380950, 908, 191620921
1441455215, 26886, 258, 731, 5638493127, 1508490682, 2770705, 1412, 249303830
1441455271, 32511, 308, 896, 5049803081, 1932177782, 4211492, 1637, 317096192
1441455327, 29370, 243, 681, 5908665584, 1425132116, 4138383, 1416, 222763341
1441455383, 32764, 278, 1029, 5450773369, 1815104219, 31562314, 2313, 355199030
1441455439, 32766, 193, 545, 6946727752, 1159998750, 19375808, 1366, 228525402
1441455495, 32757, 334, 918, 4794211248, 1988982215, 5565135, 1634, 356416339
1441455551, 32759, 179, 423, 7321266389, 964751473, 11685909, 997, 287812117
1441455607, 29246, 196, 476, 6906095326, 1070387007, 3498054, 1009, 189946125
1441455663, 16251, 233, 515, 6068103683, 1080103150, 7307842, 893, 177608309
1441455719, 32760, 328, 884, 4795868655, 1951213055, 1203161, 1539, 309651809
1441455775, 24427, 276, 688, 5358293611, 1522534465, 1668582, 1177, 249404575
1441455831, 19448, 222, 506, 6345791271, 1148648807, 1327716, 835, 177548068
1441455887, 29391, 312, 706, 4862341631, 1638971501, 2078588, 1142, 218427111
1441455943, 16670, 273, 675, 5503062337, 1341870851, 6885940, 1102, 229089011
1441455999, 24528, 359, 854, 4450452731, 1867755410, 2299470, 1314, 310863748
1441456056, 30885, 307, 690, 4895241880, 1604045536, 615463, 1128, 237684798
1441456112, 32765, 260, 660, 5577139808, 1425720052, 24608942, 1464, 393716304
1441456168, 32599, 257, 532, 5576957422, 1283131637, 1163342, 857, 197986831
1441456224, 32311, 179, 356, 7440765850, 841919801, 1151655, 710, 170991233
1441456280, 22121, 207, 445, 6590535968, 992036763, 2178477, 849, 187439781
1441456336, 32759, 206, 566, 6588859448, 1242937813, 7762269, 1266, 297869817
1441456392, 27104, 208, 577, 6575251687, 1270372968, 1406657, 1145, 231146015
1441456448, 16232, 183, 317, 7253743993, 761869447, 23104, 450, 128486594
1441456504, 32667, 236, 471, 5950963539, 1110912699, 1561899, 870, 225402832
1441456560, 12071, 174, 236, 7580518952, 577561402, 512329, 247, 125370173
1441456616, 12624, 182, 244, 7253344140, 596067093, 28351, 249, 139646244
1441456672, 5110, 182, 257, 7247221563, 577355704, 694453, 276, 117072643
1441456728, 14865, 149, 221, 8494047013, 522822192, 530300, 331, 109697013
1441456784, 32767, 190, 394, 6992202374, 903259789, 2213110, 887, 207395213
1441456840, 32594, 183, 477, 7269644797, 1101513237, 668919, 1006, 336408217
1441456896, 32660, 142, 214, 8865004207, 507974729, 2908252, 470, 92897375
1441456952, 7790, 145, 193, 8737811939, 465613742, 155725, 207, 89375769
1441457008, 13655, 151, 227, 8436294192, 550172198, 172590, 301, 97669702
1441457064, 12260, 181, 276, 7280096855, 643288234, 1392033, 393, 133383311
1441457120, 8717, 222, 319, 6202480381, 759693911, 132470, 342, 139733357
1441457176, 30261, 235, 337, 5816740253, 827158511, 71913, 382, 138692506
1441457232, 32721, 207, 322, 6537417760, 736717013, 4133893, 702, 148668142
1441457288, 4808, 228, 310, 6024022309, 695316703, 957123, 293, 135258090
1441457344, 32767, 160, 309, 8003472668, 632442997, 15986764, 1053, 259045612
1441457400, 8421, 208, 283, 6482236450, 686200015, 724547, 283, 147839764
1441457456, 6918, 217, 299, 6232591565, 703413059, 1001273, 305, 159572223
1441457512, 4429, 244, 331, 5632517601, 713344932, 239226, 307, 180159519
1441457568, 7886, 240, 333, 5746547723, 786803887, 822275, 343, 163952590
1441457624, 16474, 171, 239, 7648613563, 586339618, 514027, 258, 115195380
1441457680, 32755, 259, 493, 5407000186, 1048118618, 17885262, 1231, 258683758
1441457736, 30886, 161, 500, 7738918459, 1056313794, 1232222, 1227, 199885998
1441457792, 32764, 142, 460, 8472468798, 921689523, 15958485, 1397, 133774223
1441457848, 20764, 182, 294, 7259272765, 709256643, 223194, 438, 108195480
1441457904, 14704, 242, 394, 5752446390, 932957420, 617788, 516, 149540421
1441457960, 7651, 209, 339, 6507459715, 729359925, 1497418, 439, 124547714
1441458016, 32763, 227, 428, 6053466935, 930901866, 17810603, 1094, 176351409
1441458072, 21626, 222, 358, 6240660576, 873751754, 204321, 460, 161447060
1441458128, 19806, 227, 361, 6095111629, 873285194, 766519, 488, 134336814
1441458184, 14679, 166, 254, 7844977501, 615737689, 600620, 338, 85809567
1441458240, 32757, 346, 926, 4346454308, 1836226378, 19504645, 1903, 415650316
1441458296, 32754, 585, 1707, 3211523911, 2998629768, 22426994, 2789, 572456912
1441458352, 32764, 768, 2156, 2623412862, 3383242713, 41245830, 3334, 771363217
1441458408, 32761, 617, 1704, 3095902235, 3018584225, 19223050, 2744, 689171257
1441458464, 32764, 410, 1266, 4245001090, 2360838671, 24825775, 2357, 510434746
1441458520, 25072, 268, 524, 5481491400, 1273316650, 318392, 719, 202880384
1441458576, 32754, 332, 1002, 4535352298, 1895241654, 23838692, 2111, 386825134
1441458632, 25282, 257, 485, 5593861597, 1161655643, 489185, 737, 175460319
1441458688, 31484, 322, 978, 4838175067, 1930618841, 4574365, 1886, 322977617
1441458744, 31837, 293, 545, 4990318501, 1310274852, 646410, 815, 214302400
1441458800, 32766, 328, 1153, 4725477130, 1990233149, 61435581, 2531, 554070218
1441458856, 16210, 243, 429, 5833465465, 1017914934, 369017, 587, 145916489
1441458912, 7949, 200, 335, 6802647277, 703132688, 3596529, 467, 103924663
1441458968, 14632, 224, 365, 6168788491, 856910518, 1132141, 504, 131297187
1441459024, 32733, 218, 518, 6319915786, 1138008261, 5004804, 1162, 219436303
1441459080, 31518, 161, 262, 8009408562, 639965485, 350876, 397, 120544947
1441459136, 32749, 177, 397, 7337069254, 927320153, 4847281, 863, 251430234
1441459192, 32659, 197, 491, 6844022684, 1100353893, 2452821, 1085, 220104940
1441459248, 18750, 132, 214, 9177964913, 521764160, 378677, 316, 83621967
1441459304, 9456, 143, 200, 8725600668, 484065719, 72712, 230, 85700503
1441459360, 32516, 199, 540, 6809051500, 1083398477, 5215380, 1399, 207880014
1441459416, 32762, 212, 624, 6564846584, 1235338757, 20674751, 1613, 174801564
1441459472, 21436, 137, 245, 8891156106, 586685956, 176444, 439, 89202807
1441459528, 31382, 251, 549, 5610286018, 1297103261, 68279, 975, 216959688
1441459584, 31078, 234, 551, 5944950404, 1271624598, 1598520, 1072, 212388650
1441459640, 32536, 228, 411, 6045260369, 981264400, 3444820, 756, 235771684
1441459696, 32747, 201, 748, 6744444250, 1481525197, 5865336, 1749, 286801086
1441459752, 32760, 335, 835, 4763792854, 1964207444, 1029398, 1288, 247165145
1441459808, 13864, 292, 570, 5170037589, 1253454477, 1921014, 777, 150369073
1441459864, 32767, 308, 666, 4953781863, 1563239847, 8847325, 1126, 182659633
1441459920, 18559, 352, 834, 4534925399, 1703598968, 6236607, 1251, 236701793
1441459976, 32766, 394, 1133, 4098668666, 2245757990, 18685696, 2096, 621629346
1441460032, 32746, 256, 740, 5760766429, 1723734804, 3958086, 1307, 310563057
1441460088, 32678, 148, 314, 8466444888, 731852635, 1244718, 732, 212097387
1441460144, 9816, 104, 158, 10674084588, 374202764, 593724, 242, 64707291
1441460200, 29242, 114, 192, 9882256733, 470867825, 77058, 343, 86573404
1441460256, 32765, 180, 777, 7354390369, 1293666660, 41479412, 2188, 330411390
1441460312, 32753, 256, 826, 5694921520, 1643415774, 17042470, 1846, 417521438
1441460368, 31961, 164, 524, 7497991703, 1155103671, 1635646, 1194, 190011288
1441460424, 12224, 121, 177, 9768309765, 432997887, 36665, 221, 69128978
1441460480, 11712, 156, 263, 8145508189, 600729089, 2413081, 420, 107270525
1441460536, 8364, 160, 238, 8029472497, 562148182, 90459, 288, 99216081
1441460592, 16325, 159, 285, 7980166715, 645525592, 1161462, 519, 105245238
1441460648, 12434, 192, 351, 6944285946, 768555699, 2848992, 562, 122527027
1441460704, 30285, 176, 398, 7417525860, 899384395, 199964, 860, 144687731
1441460760, 5385, 126, 185, 9498047606, 432520409, 823511, 215, 66322620
1441460816, 14620, 147, 210, 8655483257, 512967848, 784101, 257, 83635365
1441460872, 7244, 118, 176, 9866013147, 417310552, 233818, 225, 69348856
1441460928, 13259, 159, 239, 8007451965, 582419450, 260610, 295, 98610698
1441460984, 8906, 154, 234, 8226896282, 556369584, 1173179, 297, 90188391
1441461040, 8258, 165, 266, 7817974278, 627895032, 134524, 329, 100204366
1441461096, 6544, 137, 227, 8775299485, 511041449, 1775069, 305, 86916764
1441461152, 5856, 113, 189, 9667488905, 432181815, 316846, 253, 75540423
1441461208, 5104, 122, 190, 9554529413, 424394793, 1073698, 246, 83112206
1441461264, 5896, 127, 204, 9279244285, 459804216, 1014243, 271, 79845209
1441461320, 32729, 161, 381, 7866650418, 857143819, 3387210, 915, 147156475
1441461376, 32552, 138, 299, 8634656105, 708151614, 2651312, 656, 129981046
1441461432, 32761, 116, 248, 9449817543, 533051225, 12488003, 866, 173116629
1441461488, 6210, 103, 168, 10316488215, 385308276, 512761, 238, 64770586
1441461544, 32763, 207, 653, 6639968176, 1461941870, 6438117, 1363, 305828434
1441461600, 32721, 287, 754, 5389141589, 1739328515, 2392265, 1271, 240047478
1441461656, 32706, 136, 358, 8783139296, 780854086, 8242243, 1028, 136922452
1441461712, 32356, 190, 559, 7010398232, 1241167770, 1002367, 1217, 302568977
1441461768, 32755, 199, 675, 6826153394, 1371713632, 24353791, 1673, 268373099
1441461824, 27188, 166, 427, 7768163626, 887090576, 1464172, 1075, 136142908
1441461880, 32708, 156, 313, 8163522519, 695884119, 2838160, 826, 135851808
1441461936, 31803, 237, 655, 5893302559, 1388420349, 1222196, 1414, 257434370
1441461992, 32754, 213, 611, 6471932075, 1228253384, 29667995, 1622, 209119603
1441462048, 32701, 212, 468, 6485261040, 1077253312, 5579169, 987, 207398791
1441462104, 7857, 170, 256, 7677058699, 590866176, 1207213, 323, 108385169
1441462160, 27819, 194, 405, 6920348025, 954245897, 1380013, 740, 164312589
1441462216, 19030, 209, 407, 6497623146, 921641521, 3014510, 719, 159275088
1441462272, 12485, 151, 277, 8302480648, 631253807, 579787, 454, 105495695
1441462328, 31027, 177, 392, 7347237161, 936782506, 73301, 737, 141286753
1441462384, 6428, 119, 201, 9244066015, 455983210, 923520, 280, 68451991
1441462440, 6641, 109, 192, 9621888668, 423643269, 2916501, 303, 55897838
1441462496, 6789, 98, 153, 10329573588, 361770324, 1195770, 210, 48506544
1441462552, 6708, 115, 204, 9470818907, 454795766, 1468112, 302, 57323920
1441462608, 19448, 110, 162, 10006327822, 397774626, 89500, 209, 51838677
1441462664, 32635, 99, 183, 9745468846, 445505726, 847185, 360, 84222835
1441462720, 32767, 119, 227, 9707462168, 506268151, 8785820, 743, 130207227
1441462776, 32726, 139, 265, 8919294200, 620576425, 2762443, 651, 147673772
1441462832, 32739, 313, 1053, 5071383804, 2124859332, 19678147, 2012, 650001491
1441462888, 32628, 228, 807, 6285854313, 1694702868, 9180917, 1662, 290570542
1441462944, 13684, 154, 298, 8215314850, 669048994, 1900893, 528, 114190656
1441463000, 17345, 118, 175, 9692823606, 428546106, 178946, 218, 82341575
1441463056, 10604, 118, 183, 9844664300, 442841621, 14960, 250, 83811583
1441463112, 12472, 119, 166, 9939936976, 405518983, 170438, 193, 71875204
1441463168, 6001, 115, 153, 10227785434, 370451850, 729666, 159, 60732087
1441463224, 9500, 134, 227, 9169785307, 516413489, 1810673, 365, 83548595
1441463280, 4595, 154, 231, 8240995750, 499552820, 5868652, 275, 80634586
1441463336, 17293, 163, 271, 7934153195, 663961470, 270685, 373, 98937759
1441463392, 7103, 158, 264, 8111964819, 565413442, 1494700, 378, 98822117
1441463448, 5750, 114, 162, 10049919019, 390122196, 305930, 183, 66369180
1441463504, 13684, 133, 185, 9242991195, 454116817, 465304, 214, 79721268
1441463560, 32753, 128, 266, 9303111156, 573772702, 4430336, 859, 162610067
1441463616, 32752, 275, 877, 5521231143, 1955952120, 6505749, 1566, 376238159
1441463672, 32422, 292, 907, 5305862871, 2066515716, 1266449, 1498, 334256509
1441463728, 32582, 223, 657, 6275918832, 1506461408, 693146, 1252, 265248057
1441463784, 32718, 129, 228, 9280303019, 519692592, 7116425, 685, 159046645
1441463840, 32762, 121, 337, 9304072743, 767898478, 2561571, 884, 200373335
1441463896, 15749, 98, 141, 10931058692, 344508713, 170813, 203, 64510108
1441463952, 32344, 120, 181, 9878359930, 440047815, 697522, 317, 134671381
1441464008, 32764, 106, 148, 10536465403, 356391502, 1890057, 321, 82638108
1441464064, 4264, 99, 131, 10999785679, 317204087, 149748, 128, 56731964
1441464120, 5097, 113, 161, 9964839140, 384313053, 586590, 178, 67964489
1441464176, 32569, 118, 201, 9896487744, 469303406, 460803, 512, 99147462
1441464232, 31197, 92, 158, 10239934142, 387545674, 208980, 299, 89710903
1441464288, 32745, 76, 137, 10603005969, 311448568, 4364138, 524, 75434633
1441464344, 3471, 82, 118, 10889981325, 281856443, 167434, 130, 44700643
1441464400, 8750, 75, 112, 10516077291, 275610700, 451987, 138, 44133970
1441464455, 31683, 77, 165, 9449424469, 393095771, 109537, 416, 69106615
1441464511, 16856, 110, 219, 9406782534, 511624293, 947742, 428, 72202924
1441464567, 6909, 94, 142, 10182729630, 343714433, 652280, 175, 53043370
1441464623, 18502, 105, 204, 9805560185, 476091853, 164597, 424, 88655233
1441464679, 6536, 69, 164, 8734261671, 344156637, 2069880, 315, 69491185
1441464735, 29708, 109, 290, 7746490506, 708106084, 266630, 533, 93269843
1441464791, 30190, 100, 251, 8102030793, 604016941, 460849, 511, 87834333
1441464847, 5619, 77, 167, 8288743581, 387646599, 1584325, 251, 52165266
1441464903, 5302, 81, 156, 8870692929, 360483745, 310972, 222, 54991913
1441464959, 24426, 54, 104, 8705974652, 251223554, 265229, 240, 44676681
1441465015, 6656, 70, 125, 9593436261, 294012344, 281064, 196, 42744647
1441465071, 4582, 83, 156, 9450635172, 340894648, 2241899, 233, 47537537
1441465127, 11666, 123, 231, 8907663994, 555235847, 596893, 337, 74148109
1441465183, 6700, 93, 176, 10066314502, 387120793, 1853201, 294, 59372136
1441465239, 4469, 102, 180, 9685636241, 385243402, 4726543, 252, 64521564
1441465295, 9662, 99, 177, 9712237293, 427728081, 628811, 256, 62496297
1441465351, 3856, 87, 154, 9355119644, 335148646, 1701383, 210, 55022741
1441465407, 7973, 61, 109, 8962358702, 266233060, 100639, 158, 40876718
1441465463, 31809, 96, 470, 9167177906, 814578145, 4067555, 1568, 164701821
1441465519, 32767, 267, 1303, 5690583894, 2346531775, 22079283, 2515, 406705183
1441465575, 32562, 103, 240, 9100506858, 574885076, 651510, 549, 117205886
1441465631, 13939, 115, 192, 9479752494, 467267345, 75270, 275, 83452432
1441465687, 31031, 113, 207, 9628932964, 509862031, 2513, 344, 87917297
1441465743, 13630, 144, 267, 8463894561, 626943078, 843330, 431, 85532218
1441465799, 22349, 122, 192, 9320546102, 471143173, 128606, 261, 71370371
1441465855, 7826, 102, 148, 10549265957, 360061576, 175024, 178, 58780158
1441465911, 5007, 100, 148, 10539657662, 348857017, 342845, 178, 56282125
1441465967, 6479, 96, 136, 10409709725, 334721896, 219367, 144, 61607454
1441466023, 16562, 115, 273, 9322467694, 591121463, 1474003, 610, 90756855
1441466079, 6632, 102, 178, 9622374701, 419193449, 1479880, 247, 67514819
1441466135, 5210, 87, 137, 10492164747, 325403505, 44784, 176, 58064103
1441466191, 7742, 133, 261, 8552598891, 571401808, 559069, 390, 80781953
1441466247, 12169, 106, 202, 9846122531, 472604133, 468648, 358, 71674031
1441466303, 32765, 112, 328, 10099966899, 436903925, 85891041, 1832, 203984670
1441466359, 10842, 113, 199, 9158665617, 477300016, 305748, 295, 76978928
1441466415, 32689, 136, 354, 8785404152, 685665094, 8385407, 1205, 179373154
1441466471, 32761, 437, 1311, 3958128983, 2435113744, 21135494, 2387, 489541090
1441466527, 32766, 337, 1154, 4794164065, 2114592901, 21767406, 2326, 407741957
1441466583, 32665, 233, 596, 6028621607, 1359006984, 1261898, 1156, 306380837
1441466639, 32758, 157, 315, 8075350525, 735036593, 6100014, 726, 158008867
1441466695, 4525, 125, 193, 9397469249, 427568746, 1514802, 238, 75521952
1441466751, 5721, 130, 205, 9247550375, 459593592, 347569, 267, 74868683
1441466807, 18307, 142, 240, 8616812045, 587597569, 132302, 322, 88426063
1441466863, 13315, 129, 220, 8937215581, 536329939, 26328, 305, 76508328
1441466919, 6763, 123, 212, 9140401116, 480065237, 3815149, 302, 73835183
1441466975, 9626, 140, 247, 8840197754, 545876022, 8327686, 414, 73657244
1441467031, 5164, 131, 208, 9089541028, 453324411, 2745766, 276, 81161471
1441467087, 18149, 118, 187, 9760625890, 449317671, 122627, 320, 100980788
1441467143, 12878, 152, 264, 8291843147, 641560656, 54635, 360, 79475378
1441467199, 8200, 143, 240, 8600242995, 538450522, 2496436, 356, 91759406
1441467255, 9449, 159, 269, 8049511132, 604170353, 7737283, 413, 96319990
1441467311, 8999, 175, 267, 7485141974, 627907803, 141782, 328, 106466691
1441467367, 6551, 187, 283, 7103209495, 628279730, 3923923, 349, 113340390
1441467423, 32558, 243, 540, 5896873332, 1278989767, 532019, 944, 209191808
1441467479, 19957, 232, 382, 5987640256, 931533230, 135301, 492, 139473772
1441467535, 31514, 280, 502, 5111410007, 1198811744, 111832, 774, 190769620
1441467591, 32757, 412, 1178, 3859433955, 2224824968, 20887295, 2219, 431415615
1441467647, 32750, 192, 458, 7024096999, 1059258067, 6885541, 995, 235053495
1441467703, 31936, 284, 594, 5255215851, 1439956898, 983323, 890, 164261527
1441467759, 32750, 249, 471, 5676008377, 1082457616, 12963669, 984, 230554631
1441467815, 30347, 158, 270, 8001078420, 662551393, 125143, 394, 114079546
1441467871, 5370, 151, 233, 8339862641, 507120526, 2493464, 296, 89978422
1441467927, 4523, 141, 183, 8917769738, 441796562, 801257, 171, 79234214
1441467983, 32763, 158, 314, 8066636513, 741855580, 457714, 656, 116325341
1441468039, 32765, 256, 714, 5741915176, 1481680162, 47747201, 1721, 276852046
1441468095, 32767, 286, 1069, 5382299149, 1873771227, 90449633, 2515, 366779569
1441468151, 23420, 96, 270, 8711118033, 637901192, 1693268, 588, 89467333
1441468207, 13721, 148, 470, 7282069880, 962097410, 3561174, 827, 117232362
1441468263, 32458, 144, 433, 7129029021, 1024145142, 1361063, 859, 138237296
1441468319, 12615, 90, 236, 8428418721, 539266464, 1002425, 458, 70219242
1441468375, 9984, 159, 395, 7213360267, 815745983, 1291376, 621, 104634942
1441468431, 32737, 205, 525, 6576789925, 1234264153, 348980, 956, 140388041
1441468487, 24240, 172, 454, 7102654386, 1081492541, 905518, 776, 129018748
1441468543, 20603, 184, 466, 6997893251, 1107694400, 324663, 745, 146705717
1441468599, 32741, 171, 498, 6813181767, 1201656182, 753897, 888, 178732918
1441468655, 14193, 83, 154, 10388179144, 374173844, 70205, 270, 50335048
1441468711, 32712, 138, 314, 8305996878, 753045939, 2038602, 643, 133329141
1441468767, 17120, 171, 358, 7590661354, 759460386, 8439417, 748, 122587560
1441468823, 14586, 153, 224, 8253606725, 549208933, 183226, 271, 83975205
1441468879, 6151, 184, 308, 7191764371, 638980145, 4277933, 398, 95966827
1441468935, 7525, 166, 241, 7888886639, 554999457, 668510, 298, 92712062
1441468991, 7284, 200, 347, 6758043674, 719035721, 1793216, 460, 124973299
1441469047, 32754, 222, 500, 6187381569, 1053617115, 12857895, 1259, 370518358
1441469103, 32687, 262, 631, 5450140368, 1454270120, 3643421, 1188, 266890939
1441469159, 32680, 173, 269, 7494537254, 621378391, 5087381, 645, 181294412
1441469215, 3391, 142, 183, 8858728460, 431465508, 1338132, 168, 96212095
1441469271, 4044, 138, 181, 8970516046, 433117385, 478037, 171, 92033486
1441469327, 12301, 151, 197, 8418422814, 481167379, 202946, 199, 97821232
1441469383, 6110, 171, 229, 7638855652, 543132565, 1689092, 238, 130011887
1441469439, 7888, 163, 227, 7888056914, 541918132, 666323, 256, 142119726
1441469495, 8342, 162, 211, 8048209285, 515364788, 670926, 208, 147139896
1441469551, 6235, 163, 211, 8012164908, 509027069, 828656, 203, 122543688
1441469607, 9257, 156, 202, 8273177175, 494392911, 124839, 189, 112925140
1441469663, 4247, 182, 231, 7196022798, 550043850, 601224, 204, 126483485
1441469719, 5740, 183, 239, 7240134326, 570207191, 631780, 231, 160197198
1441469775, 6527, 200, 266, 6640536051, 632073819, 873680, 266, 159902371
1441469831, 6283, 190, 240, 6957907477, 582072927, 435886, 215, 141812060
1441469887, 5530, 179, 232, 7290236512, 557644613, 1415290, 219, 131444893
1441469943, 7786, 186, 248, 7165353913, 596773650, 62303, 251, 151986424
1441469999, 4537, 160, 215, 8001323267, 504050999, 2920219, 216, 121387588
1441470055, 11283, 176, 271, 7472604526, 625975513, 918688, 387, 136080292
1441470111, 23245, 174, 249, 7581292547, 602129553, 785320, 349, 147108648
1441470167, 3767, 160, 211, 8094324506, 488900860, 1315899, 200, 111284955
1441470223, 4618, 143, 187, 8766838083, 447084128, 1428675, 183, 109238360
1441470279, 9335, 137, 188, 9061817749, 458097925, 80649, 204, 113097590
1441470335, 5426, 162, 218, 7995049363, 515616262, 845501, 223, 127507752
1441470391, 3580, 157, 200, 8199019536, 471717116, 120836, 180, 118014423
1441470447, 5071, 167, 224, 7841065559, 526131300, 177522, 225, 123814215
1441470503, 8569, 161, 217, 8014519376, 527315925, 121858, 223, 133350794
1441470559, 7189, 171, 224, 7638515390, 542508741, 334683, 220, 127478206
1441470615, 6257, 168, 226, 7703009464, 538868872, 1630331, 234, 115965370
1441470671, 6937, 145, 192, 8706822447, 465066642, 1256453, 193, 114279982
1441470727, 6379, 157, 223, 8213185557, 523074756, 1142845, 255, 103869035
1441470783, 14438, 206, 304, 6540805057, 729933252, 1142846, 386, 133703196
1441470839, 5477, 195, 261, 6848261591, 611117590, 512763, 258, 115857839
1441470895, 7145, 179, 243, 7356663016, 572928859, 735657, 266, 111905301
1441470951, 7031, 201, 280, 6687583223, 651954497, 975721, 303, 129370457
1441471007, 11956, 192, 267, 6961568920, 649033629, 900485, 302, 123408741
1441471063, 6450, 164, 247, 7894295593, 558256854, 1467929, 304, 125237571
1441471119, 5707, 154, 206, 8387759449, 494385489, 939934, 208, 107679582
1441471175, 13320, 177, 265, 7383059853, 636487605, 615226, 351, 142114240
1441471231, 14146, 176, 245, 7482722397, 596809268, 119978, 288, 121725359
1441471287, 12540, 182, 262, 7294950819, 628274815, 188105, 327, 111592872
1441471343, 6590, 179, 242, 7384600218, 567342455, 2672569, 263, 121393582
1441471399, 10337, 187, 261, 7080473444, 624605167, 274384, 296, 136795600
1441471455, 21068, 192, 291, 6956303449, 688289652, 210138, 464, 198842869
1441471511, 20092, 191, 260, 6937811933, 638668455, 20941, 271, 161856795
1441471567, 28127, 180, 258, 7396437938, 631785861, 57663, 334, 120405193
1441471623, 32763, 209, 328, 6479236852, 805753932, 28953, 455, 154301720
1441471679, 10478, 226, 356, 6020668275, 823104688, 1756898, 451, 180414639
1441471735, 10924, 191, 313, 6987310164, 734939704, 1500060, 416, 119776609
1441471791, 32750, 164, 418, 7849599925, 882841570, 13069836, 1186, 148554829
1441471847, 32767, 227, 537, 6203244376, 1085305418, 35696736, 1483, 508109603
1441471903, 32736, 217, 408, 6331069668, 945022363, 9049132, 854, 251965600
1441471959, 32196, 164, 255, 7827473736, 620327166, 197745, 387, 139594972
1441472015, 9121, 164, 249, 7875188914, 595311423, 62107, 303, 96955278
1441472071, 24912, 169, 319, 7672172270, 778971259, 193181, 490, 117532358
1441472127, 32755, 182, 321, 7262982186, 765993108, 1366701, 598, 127209380
1441472183, 32767, 365, 1312, 4637061412, 2194619887, 107821212, 2842, 586307495
1441472239, 32757, 263, 908, 5538753698, 1658534502, 23151550, 2089, 286309224
1441472295, 32237, 194, 347, 6837506396, 848692367, 511727, 520, 157963962
1441472351, 32764, 275, 879, 5406899891, 1681426309, 42280869, 2030, 611545078
1441472407, 20687, 177, 292, 7434869289, 713390203, 440684, 396, 111762495
1441472463, 32753, 199, 462, 6704912963, 1006475544, 14592929, 1140, 211912998
1441472519, 32743, 329, 1090, 4843623354, 2020041337, 11035090, 2192, 344249478
1441472575, 32755, 254, 696, 5678760638, 1429623404, 8776412, 1566, 304018461
1441472631, 32765, 425, 1618, 4216450447, 2495227056, 138901986, 3274, 557987061
1441472687, 32744, 189, 487, 7090670845, 1108365928, 170737, 1020, 159961343
1441472743, 13055, 174, 349, 7462221141, 800165780, 2967668, 551, 126664585
1441472799, 21078, 201, 563, 6764327978, 1133023923, 2599924, 1132, 173952906
1441472855, 25693, 249, 699, 5836990436, 1455647717, 2077962, 1347, 199459750
1441472911, 32767, 494, 1641, 3714587727, 2691293278, 66855869, 3019, 493947852
1441472967, 32767, 284, 989, 5307799179, 1772124737, 55455445, 2298, 528783062
1441473023, 32744, 143, 455, 8386977284, 897212893, 7558408, 1372, 190084845
1441473079, 17203, 109, 158, 10176980772, 387233221, 124434, 195, 64381065
1441473135, 10253, 148, 219, 8566704916, 521932106, 105374, 285, 92428214
1441473191, 32761, 128, 236, 9259094470, 482204401, 15333559, 925, 94036324
1441473247, 32766, 152, 516, 8250417399, 846730376, 55470267, 1884, 162942500
1441473303, 19177, 83, 170, 9505220848, 400739881, 1405663, 379, 74929341
1441473359, 31275, 100, 276, 8716119414, 618678779, 1030800, 758, 108798480
1441473415, 14562, 95, 196, 9301643312, 470566321, 183724, 351, 77962364
1441473471, 12376, 92, 209, 9163622581, 479473317, 4430900, 417, 66592170
1441473527, 32767, 316, 1875, 5317683775, 2218466475, 276816980, 4101, 477530246
1441473583, 32000, 108, 580, 8133387345, 1064244714, 5567692, 1645, 155278068
1441473639, 32764, 96, 288, 9080909231, 600999429, 12716266, 1023, 121245851
1441473695, 32623, 191, 672, 6828086006, 1454046495, 2692940, 1437, 218695708
1441473751, 32763, 247, 974, 5982198821, 1849293519, 56296321, 2224, 368599587
1441473807, 32751, 165, 318, 7372871132, 772390439, 1375985, 519, 91223911
1441473863, 32767, 337, 1453, 4959680105, 2163187310, 115309879, 3161, 677827753
1441473919, 32732, 237, 795, 6056149383, 1558600124, 9353054, 1789, 256621186
1441473975, 32290, 198, 538, 6640083956, 1219102811, 1154889, 1118, 242177445
1441474031, 32741, 173, 352, 7450655192, 829416386, 5899460, 734, 227528040
1441474087, 32733, 121, 284, 9072169898, 656859805, 3805036, 730, 229227044
1441474143, 19422, 124, 207, 9274863417, 505525691, 62370, 304, 99559447
1441474199, 12125, 133, 233, 8771714232, 559383145, 82057, 333, 99350885
1441474255, 17700, 144, 237, 8513827132, 573317032, 127469, 343, 157937316
1441474311, 17478, 155, 480, 7842041134, 938685961, 328501, 981, 141867596
1441474367, 20355, 135, 351, 8356671525, 760250991, 160832, 771, 120674667
1441474423, 10824, 100, 170, 10070910892, 396457355, 1648359, 295, 68634587
1441474479, 9268, 91, 160, 9763675755, 388855987, 96540, 233, 75750747
1441474535, 10529, 112, 221, 8959838359, 520783196, 714105, 352, 79387979
1441474591, 4116, 95, 178, 9044206277, 362943310, 10528554, 267, 69025628
1441474647, 5610, 77, 147, 9558273484, 339017856, 470080, 225, 55009437
1441474703, 8932, 99, 227, 8349802630, 514734360, 975709, 382, 76764702
1441474759, 8141, 126, 259, 8503644758, 570815473, 2063709, 401, 78960277
1441474815, 15075, 118, 213, 9261367329, 512823882, 376998, 341, 89006934
1441474871, 10407, 124, 265, 8487122030, 597799673, 2238071, 441, 88695538
1441474927, 32745, 179, 689, 7035801145, 1409870870, 4401029, 1587, 260918133
1441474983, 32731, 118, 287, 8549866418, 687697408, 2046232, 630, 112108921
1441475039, 19374, 114, 191, 9419860451, 468837698, 110405, 256, 79384406
1441475095, 21584, 144, 327, 8329300749, 761390137, 95728, 631, 114127950
1441475151, 32757, 183, 539, 7190832513, 1192411187, 8730914, 1256, 299451694
1441475207, 32662, 150, 233, 8417249873, 567912962, 746611, 394, 138036951
1441475263, 32689, 287, 813, 5289681329, 1749567036, 3743725, 1561, 317279164
1441475319, 32546, 228, 581, 6209872806, 1368591260, 1399912, 1044, 256624441
1441475375, 15672, 122, 281, 8357758105, 680058234, 310184, 455, 89832415
1441475431, 29039, 245, 818, 5810369230, 1733738674, 2158594, 1527, 303453210
1441475487, 19482, 133, 303, 8839583184, 671039881, 2284510, 676, 113690126
1441475543, 32665, 164, 522, 7770549409, 1064063678, 1982457, 1388, 190151997
1441475599, 24613, 122, 301, 8614478540, 664305899, 1521963, 742, 126028970
1441475655, 32609, 133, 219, 9227516651, 506352417, 3661574, 591, 152993438
1441475711, 6151, 124, 176, 9679936911, 414727669, 1706761, 211, 75119898
1441475767, 11593, 148, 237, 8523133883, 558921886, 1819106, 354, 92239408
1441475823, 32743, 201, 463, 6780921777, 1087943644, 2113779, 894, 185647460
1441475879, 31474, 162, 302, 7894288008, 727442378, 509897, 563, 121690022
1441475935, 32763, 145, 311, 8549006771, 665829513, 9252978, 955, 271004632
1441475991, 5292, 131, 206, 9118900601, 465227183, 1187774, 259, 83551981
1441476047, 32767, 252, 958, 5736814206, 1745458318, 47448939, 2236, 358625465
1441476103, 19627, 132, 258, 9062666107, 605096373, 620951, 512, 88418174
1441476159, 12201, 180, 320, 7329235283, 721018197, 1584309, 503, 107043593
1441476215, 13483, 205, 403, 6655919736, 897042349, 1243682, 628, 121573279
1441476271, 31580, 175, 337, 7464050423, 823643958, 408545, 584, 98879905
1441476327, 15752, 183, 348, 7284845438, 783989190, 735796, 601, 106021724
1441476383, 12972, 169, 308, 7671453670, 690671088, 949430, 508, 101865859
1441476439, 10907, 150, 226, 8489690072, 543912265, 127191, 293, 86187625
1441476495, 13296, 135, 201, 9146702751, 476242047, 1228941, 309, 83781573
1441476551, 18961, 139, 205, 8989245847, 504428176, 109792, 266, 79617710
1441476607, 24633, 155, 267, 8213500618, 588710775, 2115055, 642, 103974162
1441476663, 13119, 162, 286, 7838493191, 687364469, 858615, 403, 90044814
1441476719, 9256, 165, 250, 7835731834, 589397920, 77879, 313, 90853985
1441476775, 21705, 139, 269, 8687337536, 610262757, 2914555, 583, 104616260
1441476831, 18337, 135, 217, 9053630216, 524772162, 846509, 349, 90904797
1441476887, 15900, 113, 185, 10018545435, 435116786, 1545846, 351, 75785528
1441476943, 14023, 126, 189, 9553231719, 451274501, 2573711, 290, 86131121
1441476999, 6211, 143, 195, 8755037646, 469475111, 218356, 205, 77827885
1441477055, 6971, 180, 291, 7390678927, 626254164, 3525408, 390, 108837830
1441477111, 4011, 141, 202, 8833776351, 454495588, 2726038, 220, 104466183
1441477167, 5195, 124, 174, 9566832524, 419006152, 393964, 186, 70367049
1441477223, 8377, 113, 156, 9919107955, 381901848, 38479, 161, 68362454
1441477279, 5439, 115, 154, 10198488033, 364232251, 1014742, 172, 75588200
1441477335, 8069, 202, 345, 6709482633, 740516972, 3687952, 465, 123356170
1441477391, 28741, 191, 305, 7028648650, 750745908, 48021, 395, 110373882
1441477447, 6028, 142, 202, 8725361516, 472753426, 1308916, 237, 80820692
1441477503, 32481, 135, 250, 8947108035, 613563500, 106069, 448, 95327189
1441477559, 16645, 146, 241, 8533863081, 586427667, 259535, 352, 79286780
1441477615, 32734, 180, 322, 7288057562, 784575943, 166880, 527, 114938540
1441477671, 32765, 216, 1038, 6472349063, 1612084955, 50549999, 2581, 289084033
1441477727, 32764, 119, 199, 9441278257, 483240692, 275435, 344, 73155093
1441477783, 20203, 111, 193, 9983892298, 437630416, 1577765, 457, 68881094
1441477839, 7106, 112, 190, 9719064630, 429733891, 1638394, 286, 74731079
1441477895, 4829, 109, 159, 10081561628, 376425873, 443483, 182, 57786437
1441477951, 32759, 152, 763, 8102974623, 1015922582, 118765953, 2632, 214772576
1441478007, 32767, 219, 809, 6373366137, 1465227940, 62493843, 2139, 316135847
1441478063, 32749, 196, 726, 6912204494, 1381136117, 30399687, 1851, 598005397
1441478119, 32753, 306, 1015, 5095818509, 1961935315, 23814419, 2071, 522206139
1441478175, 32664, 106, 184, 10207427925, 435912017, 3760910, 476, 133747811
1441478231, 6417, 100, 153, 10416344408, 364314464, 324864, 199, 68165480
1441478287, 26896, 136, 297, 8538731057, 723877694, 231912, 510, 85457296
1441478343, 7489, 120, 224, 9100024621, 507896406, 4765430, 336, 89737569
1441478399, 8467, 99, 159, 10317105107, 381128253, 294636, 227, 61517223
1441478455, 2946, 94, 134, 10812331541, 305477534, 2753191, 148, 52249176
1441478511, 4135, 81, 124, 10477057286, 292032170, 813663, 154, 48464165
1441478567, 32753, 141, 785, 7847003769, 1162639671, 54791184, 2375, 212065106
1441478623, 32766, 165, 645, 7284700246, 1044380548, 46872030, 2046, 212319747
1441478679, 30604, 139, 261, 8575350201, 633364935, 113495, 482, 87898692
1441478735, 31102, 157, 284, 7937468949, 692918101, 429800, 465, 107050417
1441478791, 10295, 146, 241, 8592687218, 551199057, 785170, 367, 91299116
1441478847, 9951, 164, 267, 7883574367, 616085480, 416316, 383, 104595641
1441478903, 12072, 140, 193, 8894918803, 475478128, 73770, 207, 75519408
1441478959, 12085, 134, 190, 9213640870, 462539715, 125161, 238, 88425081
1441479015, 16431, 116, 168, 9950442714, 414145301, 56431, 217, 75888311
1441479071, 25488, 110, 166, 10428980587, 401635864, 456630, 296, 72591912
1441479127, 5600, 119, 187, 9627347559, 427542059, 1262101, 243, 62617489
1441479183, 32748, 120, 224, 9350632837, 538864824, 2233337, 491, 93839181
1441479239, 32766, 332, 1085, 5166320478, 2316401493, 5401719, 1842, 323909902
1441479295, 32766, 222, 1037, 6302987639, 1721852725, 61494081, 2516, 411100513
1441479351, 32705, 207, 706, 6284390938, 1530496362, 3478375, 1456, 282563645
1441479407, 32767, 326, 1252, 4940136658, 1849456445, 181397811, 3141, 554333193
1441479463, 32743, 348, 933, 4829255384, 2025900348, 12700458, 1674, 335041216
1441479519, 25070, 192, 571, 6819502266, 1221893044, 1029056, 1143, 274430407
1441479575, 32659, 143, 421, 7833280994, 969525003, 437493, 940, 166893255
1441479631, 32730, 113, 235, 9231530141, 540091748, 5064540, 653, 168366707
1441479687, 32761, 184, 495, 7044207091, 946154945, 39032961, 1560, 493891980
1441479743, 32737, 365, 832, 4068738689, 1837072838, 4659528, 1479, 325643224
1441479799, 31978, 408, 770, 3582363754, 1801492412, 421393, 1170, 332686080
1441479855, 32738, 352, 726, 4183220905, 1703196211, 1725692, 1163, 306396443
1441479911, 32765, 399, 870, 3818690421, 2008554203, 2787274, 1353, 358275615
1441479967, 32570, 401, 964, 3762478308, 2058341905, 1259257, 1658, 389013904
1441480023, 24679, 314, 511, 4590641517, 1221649303, 98130, 704, 262434989
1441480079, 26388, 382, 712, 3822944907, 1652502572, 672493, 1038, 330497453
1441480135, 32765, 295, 603, 4780136553, 1302827122, 20776895, 1343, 422252047
1441480191, 32752, 255, 446, 5419531574, 1037253116, 3929062, 855, 267871421
1441480247, 32762, 330, 661, 4381115471, 1505772584, 5618662, 1196, 291766342
1441480303, 32501, 385, 734, 3858999830, 1747589439, 1184956, 1078, 361789695
1441480359, 32726, 294, 621, 4861034760, 1348982809, 5375719, 1282, 380602385
1441480415, 32749, 268, 404, 5284751069, 973811702, 2221359, 596, 243037022
1441480471, 20824, 263, 412, 5311267414, 995660827, 733558, 540, 178032555
1441480527, 8919, 238, 378, 5848639766, 830581606, 4291297, 482, 167549509
1441480583, 28806, 247, 388, 5651985372, 951404133, 127484, 493, 163076040
1441480639, 32758, 300, 558, 4702513593, 1206472752, 16372536, 1253, 332272363
1441480695, 20058, 326, 462, 4372720338, 1113656357, 371661, 529, 201802746
1441480751, 8247, 289, 390, 4802281001, 918855923, 1144775, 382, 173304043
1441480807, 32743, 309, 554, 4570702657, 1288043385, 1933537, 981, 244851952
1441480862, 24564, 270, 455, 5195755481, 1074606536, 183389, 710, 156153770
1441480918, 32711, 285, 965, 5251840831, 1884529792, 3588625, 1931, 343882054
1441480974, 32686, 369, 1349, 4217358729, 2354270463, 9161826, 2533, 596519147
1441481030, 32748, 306, 625, 4632326904, 1367452837, 6363165, 1269, 361034095
1441481086, 32760, 479, 1533, 3322715640, 2596843332, 50065159, 2834, 638079487
1441481142, 32586, 317, 884, 4581911200, 1781029208, 2702222, 1780, 392799271
1441481198, 32767, 388, 1042, 3816323740, 1957929829, 73532846, 2286, 536037993
1441481254, 32725, 500, 1173, 3098994873, 2544220020, 2222285, 1806, 509613466
1441481310, 32763, 487, 1080, 3131681913, 2367614960, 10990114, 1731, 459570039
1441481366, 31210, 532, 1314, 3033044321, 2710528723, 782501, 1992, 508661994
1441481422, 31983, 368, 816, 4099409650, 1843754212, 1709713, 1373, 427457284
1441481478, 7515, 274, 383, 5029000420, 868010322, 2058145, 405, 239791745
1441481534, 10075, 249, 400, 5530595043, 862957952, 7468139, 550, 193885265
1441481590, 20961, 217, 405, 6387077724, 970457327, 575414, 608, 170957240
1441481646, 32607, 229, 424, 6001679799, 982134711, 1872722, 829, 198040762
1441481702, 13765, 205, 361, 6492481740, 828213216, 2442047, 536, 143818090
1441481758, 11456, 266, 443, 5414989539, 1008445413, 5475338, 564, 195122553
1441481814, 32302, 238, 353, 5805878789, 859182997, 606127, 456, 202341078
1441481870, 15280, 237, 346, 5847914411, 848037180, 85818, 371, 147624717
1441481926, 8653, 214, 322, 6365291923, 740299991, 914240, 389, 144945708
1441481982, 8907, 187, 298, 7090222844, 699791165, 3639316, 369, 111561910
1441482038, 14013, 200, 308, 6789212328, 753871332, 868388, 350, 111054949
1441482094, 14047, 162, 241, 7822839686, 586849130, 607657, 288, 113304330
1441482150, 13424, 226, 408, 6124767899, 945605578, 381233, 564, 159774721
1441482206, 23854, 270, 405, 5227743796, 990323837, 29764, 478, 202040271
1441482262, 15910, 243, 390, 5741087830, 920520462, 128088, 522, 173431325
1441482318, 10552, 253, 395, 5578963323, 898624105, 1076382, 498, 153632651
1441482374, 11707, 219, 322, 6324990853, 762794381, 2765655, 390, 153826091
1441482431, 31459, 266, 373, 5212703626, 916716464, 165817, 399, 183895439
1441482487, 29178, 270, 406, 5220842191, 995876134, 212238, 472, 219522717
1441482543, 6841, 230, 319, 5936333351, 742859121, 491085, 325, 176705274
1441482599, 7913, 263, 371, 5262664879, 841251635, 2934625, 409, 148413337
1441482655, 32762, 271, 524, 5134931645, 1046010725, 41139437, 1494, 485588321
1441482711, 32655, 276, 408, 4998265658, 992388903, 1321021, 563, 226621567
1441482767, 32646, 309, 521, 4645628438, 1265820234, 703646, 753, 247257127
1441482823, 32766, 443, 1051, 3447931091, 2151463220, 36922478, 1981, 409183202
1441482879, 32293, 240, 372, 5772628067, 911059168, 267091, 484, 228573200
1441482935, 32764, 225, 362, 6046906905, 800273350, 18983833, 947, 238601441
1441482991, 8060, 227, 352, 5999340568, 765520835, 2035351, 443, 149928748
1441483047, 32660, 194, 298, 6975277966, 732438755, 250612, 403, 121502040
1441483103, 32761, 275, 622, 5112789468, 1238716364, 30412199, 1593, 395147978
1441483159, 30687, 263, 392, 5369068890, 958280363, 251474, 488, 204810235
1441483215, 9231, 252, 351, 5467681605, 831136740, 1287179, 370, 166026322
1441483271, 32654, 287, 510, 5036860650, 1211388183, 3760761, 850, 311314272
1441520449, 10545, 23, 51, 4604815410, 125123826, 109630, 110, 33920233
1441520505, 32688, 34, 159, 5577476260, 338622819, 676900, 725, 91137100
1441520561, 17593, 33, 109, 5245031277, 266087809, 116764, 256, 29913618
1441520617, 9786, 46, 139, 6691629553, 319307728, 687157, 310, 48695491
1441520673, 9439, 43, 152, 6381495029, 323798468, 1912901, 380, 52013661
1441520729, 1809, 34, 59, 6513711792, 130951936, 5252132, 86, 22834024
1441520785, 2808, 32, 60, 5966962228, 139641483, 637374, 95, 26675055
1441520841, 5055, 46, 74, 8556803317, 179328943, 876608, 104, 28244117
1441520897, 15190, 70, 150, 9228753487, 357770182, 985937, 310, 54686439
1441520953, 9066, 74, 140, 9642843845, 336144431, 487814, 232, 51633933
1441521009, 6255, 59, 101, 9608602846, 238217972, 879005, 168, 38844770
1441521065, 12515, 57, 115, 8741130307, 274615816, 579719, 238, 46796585
1441521121, 24021, 63, 158, 8220203191, 357513606, 1220857, 479, 65449503
1441521177, 3587, 59, 102, 9227747910, 233840993, 344612, 143, 38278429
1441521233, 7304, 53, 98, 8704359679, 231751012, 3132499, 184, 40403224
1441521289, 3096, 40, 82, 7053172674, 180027643, 2001868, 141, 28192414
1441521345, 3406, 47, 84, 8211755077, 190911721, 4713269, 135, 32228542
1441521401, 2659, 41, 63, 7926148016, 151846391, 315812, 80, 24740649
1441521457, 3835, 42, 65, 8180778581, 158641585, 352521, 84, 29491958
1441521513, 9851, 50, 88, 8697781973, 214127209, 542538, 150, 41554258
1441521569, 3400, 50, 89, 8482121377, 205664457, 578057, 134, 40279318
1441521625, 5637, 43, 81, 7798284685, 193040453, 591763, 140, 34647573
1441521681, 11344, 46, 82, 8210913569, 201612138, 127410, 131, 33262652
1441521737, 8297, 56, 108, 9167751176, 237420828, 11264395, 267, 39081572
1441521793, 3667, 44, 75, 7987680823, 175868115, 478890, 114, 30318717
1441521849, 8315, 50, 109, 8018872933, 257507010, 1719623, 218, 39408525
1441521905, 6749, 71, 159, 8386389457, 357932475, 1211698, 278, 60851797
1441521961, 13921, 126, 321, 7571215309, 752784794, 1535992, 538, 102290683
1441522017, 19775, 150, 376, 7117351411, 898630736, 921265, 617, 130301171
1441522073, 7956, 75, 158, 8694915299, 370952834, 240507, 264, 64519170
1441522129, 7011, 60, 104, 9266343267, 248512486, 139771, 161, 42570905
1441522185, 4080, 55, 94, 9156237463, 222079657, 577206, 135, 36147925
1441522241, 6004, 51, 88, 8560226561, 214314148, 769645, 130, 35834826
1441522297, 13766, 82, 171, 8798263907, 413795748, 296198, 295, 72307965
1441522353, 32703, 121, 339, 8151513438, 759190921, 2072062, 880, 125268190
1441522409, 32725, 193, 420, 6649813347, 1016045122, 2974217, 693, 147859831
1441522465, 18278, 118, 236, 8271330010, 560092881, 1304666, 426, 99635466
1441522521, 10134, 158, 324, 7413910926, 749985556, 1453819, 459, 98880836
1441522577, 32663, 125, 397, 6733635565, 961294471, 1650329, 726, 145052825
1441522633, 32735, 189, 472, 6425001655, 1150594568, 858639, 761, 209870576
1441522689, 32659, 161, 454, 6898179291, 1067942584, 1348127, 901, 206407064
1441522745, 32711, 132, 338, 7881594518, 812777681, 1733247, 696, 130108962
1441522801, 32716, 104, 296, 8158548565, 702136466, 2049362, 671, 111743407
1441522857, 32629, 195, 471, 6208339791, 1152475085, 321597, 715, 123256276
1441522913, 32617, 166, 429, 7157009195, 1037766734, 1495785, 773, 128959715
1441522969, 32760, 168, 476, 7155358479, 1088696721, 7618782, 1028, 178274424
1441523025, 24977, 214, 616, 6318369459, 1360155222, 1720958, 1120, 184367428
1441523081, 21042, 121, 400, 7755275778, 891255581, 304207, 835, 136678242
1441523137, 32766, 191, 629, 6784936259, 1278350587, 18711667, 1567, 298668291
1441523193, 32720, 150, 309, 8145444107, 722507967, 4891011, 703, 181978386
1441523249, 32766, 174, 886, 6692637759, 1262322355, 114606385, 2691, 229621605
1441523305, 32765, 103, 547, 8304867577, 825748466, 41595053, 2000, 148766356
1441523361, 30778, 157, 359, 7645313338, 871404643, 926796, 620, 115870369
1441523417, 24145, 118, 227, 9073683409, 553242100, 68994, 384, 86622266
1441523473, 4556, 109, 176, 9756575081, 391320507, 1926715, 231, 71510295
1441523529, 10217, 104, 181, 9915878787, 422518787, 733228, 300, 83158329
1441523585, 32740, 148, 375, 8247306415, 875706596, 2700450, 848, 178781134
1441523641, 12060, 164, 319, 7809368538, 727771011, 804098, 495, 116755864
1441523697, 9442, 163, 331, 7758585506, 727990126, 1055770, 488, 117420569
1441523753, 11934, 140, 239, 8773445680, 573802997, 465099, 343, 108255613
1441523809, 15511, 131, 267, 8934464560, 643960620, 149199, 440, 94410862
1441523865, 11586, 145, 278, 8352896339, 647562472, 133921, 429, 97877905
1441523921, 11301, 150, 323, 8070654371, 739852046, 1034091, 498, 112601094
1441523977, 32725, 142, 292, 8613073698, 685708118, 3871850, 669, 176071137
1441524033, 32766, 155, 645, 7306994962, 1253990518, 18815751, 1706, 207699667
1441524089, 32665, 76, 156, 9106723285, 373805584, 2340942, 391, 110737780
1441524145, 10137, 95, 234, 8793254363, 526288323, 2948501, 429, 89721356
1441524201, 32752, 155, 573, 7014437736, 1137404243, 20284095, 1554, 166981765
1441524257, 13674, 100, 215, 9533212356, 484849767, 4091449, 450, 108692232
1441524313, 11314, 115, 201, 9557773241, 474773260, 55287, 319, 87377439
1441524369, 19400, 122, 250, 9115769696, 598952546, 162558, 467, 100944897
1441524425, 32764, 201, 759, 6534343906, 1535488909, 20385374, 1750, 220026190
1441524481, 32765, 157, 639, 7584736508, 1271014316, 9986259, 1606, 184900227
1441524537, 32765, 319, 1235, 5153265085, 2096066471, 51081165, 2611, 355210527
1441524593, 32755, 181, 488, 6835459931, 1085846046, 5346376, 1107, 156285033
1441524649, 32763, 100, 323, 9309985303, 600305789, 24648143, 1293, 107966804
1441524705, 32716, 116, 318, 8781623636, 688541378, 7771475, 955, 87694191
1441524761, 14649, 123, 229, 9375029616, 535758303, 677059, 401, 78307967
1441524817, 26980, 129, 222, 9176484579, 541824013, 166442, 351, 86336002
1441524873, 32404, 143, 268, 8530021646, 659234927, 73740, 397, 113313834
1441524929, 32767, 205, 1147, 6556344746, 1446884213, 152056003, 3200, 300959801
1441524985, 32765, 112, 442, 8476267423, 732115972, 47724511, 1742, 164013102
1441525041, 10371, 129, 275, 8719976070, 602606924, 3282309, 478, 98142748
1441525097, 4083, 92, 157, 10187149501, 337600865, 4718027, 225, 56765699
1441525153, 32119, 95, 164, 10428348466, 400897800, 244406, 294, 71826124
1441525209, 6501, 88, 151, 10686901932, 337061566, 672116, 252, 53183913
1441525265, 8516, 112, 175, 10080832455, 414147362, 798806, 249, 67325958
1441525321, 31958, 81, 132, 10854435284, 318929037, 1177226, 300, 59944556
1441525377, 32751, 95, 175, 10288910827, 426085655, 735046, 351, 66767790
1441525433, 10383, 131, 289, 8440340988, 635070705, 2555890, 492, 90520102
1441525489, 32628, 132, 293, 8610500406, 714879828, 1236034, 528, 84588389
1441525545, 18044, 115, 212, 9412330366, 519539891, 47967, 332, 100161202
1441525601, 32767, 156, 950, 7800475781, 1123225379, 189707065, 3127, 324618727
1441525657, 16351, 100, 292, 8819993040, 652802596, 3255675, 618, 90382495
1441525713, 11678, 155, 397, 7666523920, 860013192, 977822, 638, 114424932
1441525769, 32766, 125, 812, 7867485726, 1098307015, 83297709, 2607, 217375757
1441525825, 32767, 170, 1022, 7112001629, 1370249338, 99998164, 2893, 259191669
1441525881, 32766, 130, 1240, 7089267613, 1360726651, 208103762, 3559, 328382822
1441525937, 32738, 107, 398, 7801156435, 769943862, 12081557, 1312, 137047388
1441525993, 32363, 60, 113, 9038210979, 277507379, 267852, 235, 52695681
1441526049, 32574, 67, 149, 10278081058, 314396947, 4371487, 663, 49469086
1441526105, 24662, 57, 184, 7779335521, 377663089, 3225496, 675, 51941365
1441526161, 6350, 56, 102, 8849542188, 243743421, 399651, 163, 36385502
1441526217, 28170, 90, 172, 9115788876, 422831377, 160850, 265, 65437863
1441526273, 32764, 102, 333, 9210150641, 666453642, 4563348, 1108, 120928359
1441526329, 5617, 91, 185, 8906383145, 411118241, 1583088, 277, 64014587
1441526385, 32767, 110, 699, 8096366515, 831574428, 151925524, 2720, 256594582
1441526441, 32754, 91, 185, 9350147242, 453272419, 769801, 361, 80887869
1441526497, 31245, 73, 119, 10453511739, 291488198, 124351, 198, 56762523
1441526553, 15613, 96, 197, 9495447730, 470981000, 62438, 362, 66394448
1441526609, 32762, 177, 1407, 6538318188, 1817024001, 116921168, 3371, 316536630
1441526665, 32766, 219, 1151, 5541900885, 1686301559, 173798430, 3070, 474282887
1441526721, 16389, 96, 316, 7439454111, 677932249, 3532128, 694, 106696204
1441526777, 14889, 121, 387, 7733196726, 806381638, 2565927, 774, 176377849
1441526833, 32588, 157, 487, 7170461882, 1152315893, 1951911, 978, 234953528
1441526889, 22494, 78, 278, 7295471387, 671305257, 79269, 597, 150496029
1441526945, 32731, 139, 485, 7205647125, 1071745301, 4444039, 1164, 244191460
1441527001, 32254, 69, 143, 10349383490, 330532960, 458323, 486, 79097648
1441527057, 32528, 76, 201, 9420331529, 470602692, 3696664, 586, 77283224
1441527113, 32745, 117, 268, 8644479069, 642143776, 2128786, 570, 108022811
1441527169, 8162, 95, 174, 9928286482, 408056903, 550050, 268, 66952010
1441527225, 32545, 118, 300, 8934245876, 708869472, 2898244, 685, 163684793
1441527281, 6208, 106, 201, 9587702226, 435524324, 1796797, 310, 73984142
1441527337, 21969, 106, 273, 9164388317, 623123048, 29989, 628, 98634770
1441527393, 29880, 149, 408, 7987897684, 921768868, 406613, 881, 123211186
1441527449, 32749, 169, 448, 7483617849, 1043327852, 3759091, 953, 178425796
1441527505, 10837, 81, 154, 10509308784, 344033210, 279713, 333, 58247999
1441527561, 17015, 88, 206, 9113240739, 481596962, 2376691, 443, 72135062
1441527617, 32705, 109, 204, 9551810518, 459136579, 7562675, 652, 107581446
1441527673, 9214, 139, 240, 8647567204, 556934991, 580230, 342, 79082608
1441527729, 32292, 122, 216, 9275777132, 529041205, 154778, 329, 75959112
1441527785, 32747, 204, 801, 6588402545, 1560908077, 7745661, 1807, 296824269
1441527841, 32677, 113, 260, 9459955464, 574910933, 2001137, 760, 98017789
1441527897, 22707, 82, 178, 9182210407, 428231615, 329234, 382, 72553851
1441527953, 14071, 142, 269, 8476342192, 640687550, 523950, 422, 97693862
1441528009, 14379, 132, 212, 9178148246, 498650994, 915013, 356, 95082600
1441528065, 16160, 91, 139, 10116987118, 340175320, 26980, 180, 63360294
1441528121, 10645, 91, 148, 10546231086, 358427097, 722098, 222, 61322167
1441528177, 28712, 114, 240, 9364779663, 588180560, 107749, 415, 79920416
1441528234, 32743, 92, 232, 9514109735, 537477766, 2068398, 629, 76585300
1441528290, 4933, 74, 119, 10676458730, 277394545, 1593249, 169, 45326985
1441528346, 8850, 84, 149, 10507684841, 353495684, 83184, 245, 54102376
1441528402, 8126, 104, 231, 9068909511, 522370554, 28412, 370, 68286675
1441528458, 32757, 263, 807, 5649173482, 1574697577, 17322496, 1804, 265074202
1441528514, 32754, 177, 713, 7078693032, 1314551669, 20121927, 1856, 190437002
1441528570, 32680, 142, 482, 8116971284, 982690079, 6488335, 1329, 147053199
1441528626, 32765, 112, 895, 8020814382, 1181843211, 58704869, 2681, 189554960
1441528682, 32735, 138, 536, 7654678053, 1056683281, 11752332, 1480, 152475753
1441528738, 32767, 190, 734, 6643163268, 1351591162, 42629107, 1943, 201728045
1441528794, 27730, 146, 345, 7677998862, 840847031, 19012, 582, 106868279
1441528850, 18542, 104, 240, 8563178602, 585254348, 127761, 410, 84680175
1441528906, 32766, 265, 1376, 5584365609, 1761327451, 181693306, 3441, 352953908
1441528962, 7511, 120, 253, 8971233888, 529251070, 4617042, 415, 73611774
1441529017, 32765, 129, 358, 8233763180, 797028689, 5381300, 942, 116213846
1441529074, 32765, 122, 572, 8261613489, 1012723420, 11574171, 1742, 211681585
1441529130, 32723, 208, 766, 6556650487, 1599184619, 19840369, 1681, 446337741
1441529186, 27097, 195, 616, 6903649211, 1185840689, 3922952, 1451, 210753855
1441529242, 27424, 191, 651, 6952881129, 1237203504, 4260219, 1523, 234174155
1441529298, 32716, 199, 866, 6701565464, 1685142086, 3649659, 1887, 310664507
1441529354, 32610, 160, 728, 7247229928, 1382109606, 1393025, 1760, 251437029
1441529409, 9529, 93, 168, 10070446317, 397767201, 698749, 269, 75161823
1441529465, 18588, 96, 290, 10064001525, 487961395, 8431343, 955, 108668673
1441529522, 27086, 139, 607, 7815100859, 1260659476, 420749, 1328, 181506263
1441529577, 24054, 142, 717, 7893795050, 1188002523, 4258331, 1678, 214514546
1441529634, 32766, 109, 446, 8943456145, 809843402, 59969013, 1694, 271217423
1441529690, 31951, 109, 282, 9324497859, 678382754, 112507, 631, 143899935
1441529746, 23776, 133, 373, 8710137173, 754717989, 2528749, 990, 146765197
1441529802, 32733, 83, 251, 9603624554, 530364618, 1484324, 894, 95123252
1441529858, 13091, 94, 271, 8580344822, 574973768, 644940, 582, 117337805
1441529914, 11842, 89, 195, 9562239570, 425899526, 3402102, 432, 80579312
1441529970, 14878, 117, 337, 8574150263, 659368052, 4973013, 757, 162325982
1441530026, 30976, 174, 611, 7294353466, 1129369221, 5283868, 1608, 205169386
1441530082, 28385, 130, 379, 8400936001, 738704652, 5413914, 1134, 142064108
1441530138, 5220, 115, 202, 9239394094, 438830610, 2582373, 282, 94001507
1441530194, 32757, 143, 452, 8144165789, 970719633, 1108243, 1144, 156443562
1441530250, 31861, 213, 919, 6545167583, 1640280834, 2630396, 2051, 261981846
1441530306, 29136, 197, 479, 6821275989, 990593645, 3112226, 1153, 184942040
1441530362, 18023, 176, 324, 7316314569, 794804185, 64610, 437, 126432210
1441530418, 32690, 191, 698, 6771854904, 1393647794, 6524233, 1652, 212733748
1441530474, 30662, 134, 307, 8339853812, 676323849, 3012931, 802, 121977161
1441530530, 25457, 129, 238, 8356296433, 581737128, 267796, 345, 117476538
1441530586, 16267, 131, 262, 8422410695, 641355908, 57236, 387, 106419748
1441530642, 32739, 109, 288, 7886570871, 678818771, 5107701, 671, 115217542
1441530698, 5691, 84, 193, 8351199997, 415013162, 2895397, 310, 67723515
1441530754, 13434, 99, 294, 7251107873, 691978155, 13788, 501, 92638329
1441530810, 30298, 82, 196, 8971567333, 473823061, 212404, 439, 75600524
1441530866, 32651, 99, 206, 9450382675, 499482971, 1648026, 437, 95025524
1441530922, 32656, 92, 167, 10120505994, 411500583, 16656, 273, 59067504
1441530978, 7771, 90, 204, 9701216196, 440250869, 509363, 371, 65578854
1441531034, 29689, 111, 306, 8873313325, 753431780, 35499, 568, 95454702
1441531090, 7531, 105, 246, 9208884706, 506450974, 5340069, 431, 76318544
1441531146, 32724, 115, 356, 8680129073, 836166536, 4041850, 830, 148763988
1441531202, 13147, 104, 203, 9634401373, 492553437, 253453, 325, 75780451
1441531258, 6665, 103, 213, 9084673267, 476302368, 217599, 322, 83515714
1441531314, 12059, 115, 236, 9331430547, 542458305, 126781, 413, 87189083
1441531370, 9625, 79, 126, 10263123518, 305786160, 557137, 176, 54525316
1441531426, 32765, 90, 172, 10470556513, 396156679, 5234888, 573, 102704596
1441531482, 20424, 90, 143, 10484281894, 352829423, 3136, 210, 74680616
1441531538, 32743, 144, 350, 7850396100, 856881721, 850721, 589, 140506451
1441531594, 32653, 146, 318, 8347324645, 778954244, 433553, 542, 120327624
1441531650, 14258, 94, 189, 10103577925, 445851162, 478559, 363, 94393219
1441531706, 32572, 129, 265, 9040191938, 636727979, 2238193, 563, 128933580
1441531762, 24887, 96, 252, 10484228821, 547167416, 403117, 741, 105227087
